 displacement,ex,ey,exy,e1,e2,e12
    0.000000,    0.000000,    0.000000,    0.000000,    0.000000,    0.000000,    0.000000
    0.000010,    0.000000,    0.000010,    0.000000,    0.000005,    0.000005,    0.000010
    0.000020,    0.000000,    0.000020,    0.000000,    0.000010,    0.000010,    0.000020
    0.000030,    0.000000,    0.000030,    0.000000,    0.000015,    0.000015,    0.000030
    0.000040,    0.000000,    0.000040,    0.000000,    0.000020,    0.000020,    0.000040
    0.000050,    0.000000,    0.000050,    0.000000,    0.000025,    0.000025,    0.000050
    0.000060,    0.000000,    0.000060,    0.000000,    0.000030,    0.000030,    0.000060
    0.000070,    0.000000,    0.000070,    0.000000,    0.000035,    0.000035,    0.000070
    0.000080,    0.000000,    0.000080,    0.000000,    0.000040,    0.000040,    0.000080
    0.000090,    0.000000,    0.000090,    0.000000,    0.000045,    0.000045,    0.000090
    0.000100,    0.000000,    0.000100,    0.000000,    0.000050,    0.000050,    0.000100
    0.000110,    0.000000,    0.000110,    0.000000,    0.000055,    0.000055,    0.000110
    0.000120,    0.000000,    0.000120,    0.000000,    0.000060,    0.000060,    0.000120
    0.000130,    0.000000,    0.000130,    0.000000,    0.000065,    0.000065,    0.000130
    0.000140,    0.000000,    0.000140,    0.000000,    0.000070,    0.000070,    0.000140
    0.000150,    0.000000,    0.000150,    0.000000,    0.000075,    0.000075,    0.000150
    0.000160,    0.000000,    0.000160,    0.000000,    0.000080,    0.000080,    0.000160
    0.000170,    0.000000,    0.000170,    0.000000,    0.000085,    0.000085,    0.000170
    0.000180,    0.000000,    0.000180,    0.000000,    0.000090,    0.000090,    0.000180
    0.000190,    0.000000,    0.000190,    0.000000,    0.000095,    0.000095,    0.000190
    0.000200,    0.000000,    0.000200,    0.000000,    0.000100,    0.000100,    0.000200
    0.000210,    0.000000,    0.000210,    0.000000,    0.000105,    0.000105,    0.000210
    0.000220,    0.000000,    0.000220,    0.000000,    0.000110,    0.000110,    0.000220
    0.000230,    0.000000,    0.000230,    0.000000,    0.000115,    0.000115,    0.000230
    0.000240,    0.000000,    0.000240,    0.000000,    0.000120,    0.000120,    0.000240
    0.000250,    0.000000,    0.000250,    0.000000,    0.000125,    0.000125,    0.000250
    0.000260,    0.000000,    0.000260,    0.000000,    0.000130,    0.000130,    0.000260
    0.000270,    0.000000,    0.000270,    0.000000,    0.000135,    0.000135,    0.000270
    0.000280,    0.000000,    0.000280,    0.000000,    0.000140,    0.000140,    0.000280
    0.000290,    0.000000,    0.000290,    0.000000,    0.000145,    0.000145,    0.000290
    0.000300,    0.000000,    0.000300,    0.000000,    0.000150,    0.000150,    0.000300
    0.000310,    0.000000,    0.000310,    0.000000,    0.000155,    0.000155,    0.000310
    0.000320,    0.000000,    0.000320,    0.000000,    0.000160,    0.000160,    0.000320
    0.000330,    0.000000,    0.000330,    0.000000,    0.000165,    0.000165,    0.000330
    0.000340,    0.000000,    0.000340,    0.000000,    0.000170,    0.000170,    0.000340
    0.000350,    0.000000,    0.000350,    0.000000,    0.000175,    0.000175,    0.000350
    0.000360,    0.000000,    0.000360,    0.000000,    0.000180,    0.000180,    0.000360
    0.000370,    0.000000,    0.000370,    0.000000,    0.000185,    0.000185,    0.000370
    0.000380,    0.000000,    0.000380,    0.000000,    0.000190,    0.000190,    0.000380
    0.000390,    0.000000,    0.000390,    0.000000,    0.000195,    0.000195,    0.000390
    0.000400,    0.000000,    0.000400,    0.000000,    0.000200,    0.000200,    0.000400
    0.000410,    0.000000,    0.000410,    0.000000,    0.000205,    0.000205,    0.000410
    0.000420,    0.000000,    0.000420,    0.000000,    0.000210,    0.000210,    0.000420
    0.000430,    0.000000,    0.000430,    0.000000,    0.000215,    0.000215,    0.000430
    0.000440,    0.000000,    0.000440,    0.000000,    0.000220,    0.000220,    0.000440
    0.000450,    0.000000,    0.000450,    0.000000,    0.000225,    0.000225,    0.000450
    0.000460,    0.000000,    0.000460,    0.000000,    0.000230,    0.000230,    0.000460
    0.000470,    0.000000,    0.000470,    0.000000,    0.000235,    0.000235,    0.000470
    0.000480,    0.000000,    0.000480,    0.000000,    0.000240,    0.000240,    0.000480
    0.000490,    0.000000,    0.000490,    0.000000,    0.000245,    0.000245,    0.000490
    0.000500,    0.000000,    0.000500,    0.000000,    0.000250,    0.000250,    0.000500
    0.000510,    0.000000,    0.000510,    0.000000,    0.000255,    0.000255,    0.000510
    0.000520,    0.000000,    0.000520,    0.000000,    0.000260,    0.000260,    0.000520
    0.000530,    0.000000,    0.000530,    0.000000,    0.000265,    0.000265,    0.000530
    0.000540,    0.000000,    0.000540,    0.000000,    0.000270,    0.000270,    0.000540
    0.000550,    0.000000,    0.000550,    0.000000,    0.000275,    0.000275,    0.000550
    0.000560,    0.000000,    0.000560,    0.000000,    0.000280,    0.000280,    0.000560
    0.000570,    0.000000,    0.000570,    0.000000,    0.000285,    0.000285,    0.000570
    0.000580,    0.000000,    0.000580,    0.000000,    0.000290,    0.000290,    0.000580
    0.000590,    0.000000,    0.000590,    0.000000,    0.000295,    0.000295,    0.000590
    0.000600,    0.000000,    0.000600,    0.000000,    0.000300,    0.000300,    0.000600
    0.000610,    0.000000,    0.000610,    0.000000,    0.000305,    0.000305,    0.000610
    0.000620,    0.000000,    0.000620,    0.000000,    0.000310,    0.000310,    0.000620
    0.000630,    0.000000,    0.000630,    0.000000,    0.000315,    0.000315,    0.000630
    0.000640,    0.000000,    0.000640,    0.000000,    0.000320,    0.000320,    0.000640
    0.000650,    0.000000,    0.000650,    0.000000,    0.000325,    0.000325,    0.000650
    0.000660,    0.000000,    0.000660,    0.000000,    0.000330,    0.000330,    0.000660
    0.000670,    0.000000,    0.000670,    0.000000,    0.000335,    0.000335,    0.000670
    0.000680,    0.000000,    0.000680,    0.000000,    0.000340,    0.000340,    0.000680
    0.000690,    0.000000,    0.000690,    0.000000,    0.000345,    0.000345,    0.000690
    0.000700,    0.000000,    0.000700,    0.000000,    0.000350,    0.000350,    0.000700
    0.000710,    0.000000,    0.000710,    0.000000,    0.000355,    0.000355,    0.000710
    0.000720,    0.000000,    0.000720,    0.000000,    0.000360,    0.000360,    0.000720
    0.000730,    0.000000,    0.000730,    0.000000,    0.000365,    0.000365,    0.000730
    0.000740,    0.000000,    0.000740,    0.000000,    0.000370,    0.000370,    0.000740
    0.000750,    0.000000,    0.000750,    0.000000,    0.000375,    0.000375,    0.000750
    0.000760,    0.000000,    0.000760,    0.000000,    0.000380,    0.000380,    0.000760
    0.000770,    0.000000,    0.000770,    0.000000,    0.000385,    0.000385,    0.000770
    0.000780,    0.000000,    0.000780,    0.000000,    0.000390,    0.000390,    0.000780
    0.000790,    0.000000,    0.000790,    0.000000,    0.000395,    0.000395,    0.000790
    0.000800,    0.000000,    0.000800,    0.000000,    0.000400,    0.000400,    0.000800
    0.000810,    0.000000,    0.000810,    0.000000,    0.000405,    0.000405,    0.000810
    0.000820,    0.000000,    0.000820,    0.000000,    0.000410,    0.000410,    0.000820
    0.000830,    0.000000,    0.000830,    0.000000,    0.000415,    0.000415,    0.000830
    0.000840,    0.000000,    0.000840,    0.000000,    0.000420,    0.000420,    0.000840
    0.000850,    0.000000,    0.000850,    0.000000,    0.000425,    0.000425,    0.000850
    0.000860,    0.000000,    0.000860,    0.000000,    0.000430,    0.000430,    0.000860
    0.000870,    0.000000,    0.000870,    0.000000,    0.000435,    0.000435,    0.000870
    0.000880,    0.000000,    0.000880,    0.000000,    0.000440,    0.000440,    0.000880
    0.000890,    0.000000,    0.000890,    0.000000,    0.000445,    0.000445,    0.000890
    0.000900,    0.000000,    0.000900,    0.000000,    0.000450,    0.000450,    0.000900
    0.000910,    0.000000,    0.000910,    0.000000,    0.000455,    0.000455,    0.000910
    0.000920,    0.000000,    0.000920,    0.000000,    0.000460,    0.000460,    0.000920
    0.000930,    0.000000,    0.000930,    0.000000,    0.000465,    0.000465,    0.000930
    0.000940,    0.000000,    0.000940,    0.000000,    0.000470,    0.000470,    0.000940
    0.000950,    0.000000,    0.000950,    0.000000,    0.000475,    0.000475,    0.000950
    0.000960,    0.000000,    0.000960,    0.000000,    0.000480,    0.000480,    0.000960
    0.000970,    0.000000,    0.000970,    0.000000,    0.000485,    0.000485,    0.000970
    0.000980,    0.000000,    0.000980,    0.000000,    0.000490,    0.000490,    0.000980
    0.000990,    0.000000,    0.000990,    0.000000,    0.000495,    0.000495,    0.000990
    0.001000,    0.000000,    0.001000,    0.000000,    0.000500,    0.000500,    0.001000
    0.001010,    0.000000,    0.001010,    0.000000,    0.000505,    0.000505,    0.001010
    0.001020,    0.000000,    0.001020,    0.000000,    0.000510,    0.000510,    0.001020
    0.001030,    0.000000,    0.001030,    0.000000,    0.000515,    0.000515,    0.001030
    0.001040,    0.000000,    0.001040,    0.000000,    0.000520,    0.000520,    0.001040
    0.001050,    0.000000,    0.001050,    0.000000,    0.000525,    0.000525,    0.001050
    0.001060,    0.000000,    0.001060,    0.000000,    0.000530,    0.000530,    0.001060
    0.001070,    0.000000,    0.001070,    0.000000,    0.000535,    0.000535,    0.001070
    0.001080,    0.000000,    0.001080,    0.000000,    0.000540,    0.000540,    0.001080
    0.001090,    0.000000,    0.001090,    0.000000,    0.000545,    0.000545,    0.001090
    0.001100,    0.000000,    0.001100,    0.000000,    0.000550,    0.000550,    0.001100
    0.001110,    0.000000,    0.001110,    0.000000,    0.000555,    0.000555,    0.001110
    0.001120,    0.000000,    0.001120,    0.000000,    0.000560,    0.000560,    0.001120
    0.001130,    0.000000,    0.001130,    0.000000,    0.000565,    0.000565,    0.001130
    0.001140,    0.000000,    0.001140,    0.000000,    0.000570,    0.000570,    0.001140
    0.001150,    0.000000,    0.001150,    0.000000,    0.000575,    0.000575,    0.001150
    0.001160,    0.000000,    0.001160,    0.000000,    0.000580,    0.000580,    0.001160
    0.001170,    0.000000,    0.001170,    0.000000,    0.000585,    0.000585,    0.001170
    0.001180,    0.000000,    0.001180,    0.000000,    0.000590,    0.000590,    0.001180
    0.001190,    0.000000,    0.001190,    0.000000,    0.000595,    0.000595,    0.001190
    0.001200,    0.000000,    0.001200,    0.000000,    0.000600,    0.000600,    0.001200
    0.001210,    0.000000,    0.001210,    0.000000,    0.000605,    0.000605,    0.001210
    0.001220,    0.000000,    0.001220,    0.000000,    0.000610,    0.000610,    0.001220
    0.001230,    0.000000,    0.001230,    0.000000,    0.000615,    0.000615,    0.001230
    0.001240,    0.000000,    0.001240,    0.000000,    0.000620,    0.000620,    0.001240
    0.001250,    0.000000,    0.001250,    0.000000,    0.000625,    0.000625,    0.001250
    0.001260,    0.000000,    0.001260,    0.000000,    0.000630,    0.000630,    0.001260
    0.001270,    0.000000,    0.001270,    0.000000,    0.000635,    0.000635,    0.001270
    0.001280,    0.000000,    0.001280,    0.000000,    0.000640,    0.000640,    0.001280
    0.001290,    0.000000,    0.001290,    0.000000,    0.000645,    0.000645,    0.001290
    0.001300,    0.000000,    0.001300,    0.000000,    0.000650,    0.000650,    0.001300
    0.001310,    0.000000,    0.001310,    0.000000,    0.000655,    0.000655,    0.001310
    0.001320,    0.000000,    0.001320,    0.000000,    0.000660,    0.000660,    0.001320
    0.001330,    0.000000,    0.001330,    0.000000,    0.000665,    0.000665,    0.001330
    0.001340,    0.000000,    0.001340,    0.000000,    0.000670,    0.000670,    0.001340
    0.001350,    0.000000,    0.001350,    0.000000,    0.000675,    0.000675,    0.001350
    0.001360,    0.000000,    0.001360,    0.000000,    0.000680,    0.000680,    0.001360
    0.001370,    0.000000,    0.001370,    0.000000,    0.000685,    0.000685,    0.001370
    0.001380,    0.000000,    0.001380,    0.000000,    0.000690,    0.000690,    0.001380
    0.001390,    0.000000,    0.001390,    0.000000,    0.000695,    0.000695,    0.001390
    0.001400,    0.000000,    0.001400,    0.000000,    0.000700,    0.000700,    0.001400
    0.001410,    0.000000,    0.001410,    0.000000,    0.000705,    0.000705,    0.001410
    0.001420,    0.000000,    0.001420,    0.000000,    0.000710,    0.000710,    0.001420
    0.001430,    0.000000,    0.001430,    0.000000,    0.000715,    0.000715,    0.001430
    0.001440,    0.000000,    0.001440,    0.000000,    0.000720,    0.000720,    0.001440
    0.001450,    0.000000,    0.001450,    0.000000,    0.000725,    0.000725,    0.001450
    0.001460,    0.000000,    0.001460,    0.000000,    0.000730,    0.000730,    0.001460
    0.001470,    0.000000,    0.001470,    0.000000,    0.000735,    0.000735,    0.001470
    0.001480,    0.000000,    0.001480,    0.000000,    0.000740,    0.000740,    0.001480
    0.001490,    0.000000,    0.001490,    0.000000,    0.000745,    0.000745,    0.001490
    0.001500,    0.000000,    0.001500,    0.000000,    0.000750,    0.000750,    0.001500
    0.001510,    0.000000,    0.001510,    0.000000,    0.000755,    0.000755,    0.001510
    0.001520,    0.000000,    0.001520,    0.000000,    0.000760,    0.000760,    0.001520
    0.001530,    0.000000,    0.001530,    0.000000,    0.000765,    0.000765,    0.001530
    0.001540,    0.000000,    0.001540,    0.000000,    0.000770,    0.000770,    0.001540
    0.001550,    0.000000,    0.001550,    0.000000,    0.000775,    0.000775,    0.001550
    0.001560,    0.000000,    0.001560,    0.000000,    0.000780,    0.000780,    0.001560
    0.001570,    0.000000,    0.001570,    0.000000,    0.000785,    0.000785,    0.001570
    0.001580,    0.000000,    0.001580,    0.000000,    0.000790,    0.000790,    0.001580
    0.001590,    0.000000,    0.001590,    0.000000,    0.000795,    0.000795,    0.001590
    0.001600,    0.000000,    0.001600,    0.000000,    0.000800,    0.000800,    0.001600
    0.001610,    0.000000,    0.001610,    0.000000,    0.000805,    0.000805,    0.001610
    0.001620,    0.000000,    0.001620,    0.000000,    0.000810,    0.000810,    0.001620
    0.001630,    0.000000,    0.001630,    0.000000,    0.000815,    0.000815,    0.001630
    0.001640,    0.000000,    0.001640,    0.000000,    0.000820,    0.000820,    0.001640
    0.001650,    0.000000,    0.001650,    0.000000,    0.000825,    0.000825,    0.001650
    0.001660,    0.000000,    0.001660,    0.000000,    0.000830,    0.000830,    0.001660
    0.001670,    0.000000,    0.001670,    0.000000,    0.000835,    0.000835,    0.001670
    0.001680,    0.000000,    0.001680,    0.000000,    0.000840,    0.000840,    0.001680
    0.001690,    0.000000,    0.001690,    0.000000,    0.000845,    0.000845,    0.001690
    0.001700,    0.000000,    0.001700,    0.000000,    0.000850,    0.000850,    0.001700
    0.001710,    0.000000,    0.001710,    0.000000,    0.000855,    0.000855,    0.001710
    0.001720,    0.000000,    0.001720,    0.000000,    0.000860,    0.000860,    0.001720
    0.001730,    0.000000,    0.001730,    0.000000,    0.000865,    0.000865,    0.001730
    0.001740,    0.000000,    0.001740,    0.000000,    0.000870,    0.000870,    0.001740
    0.001750,    0.000000,    0.001750,    0.000000,    0.000875,    0.000875,    0.001750
    0.001760,    0.000000,    0.001760,    0.000000,    0.000880,    0.000880,    0.001760
    0.001770,    0.000000,    0.001770,    0.000000,    0.000885,    0.000885,    0.001770
    0.001780,    0.000000,    0.001780,    0.000000,    0.000890,    0.000890,    0.001780
    0.001790,    0.000000,    0.001790,    0.000000,    0.000895,    0.000895,    0.001790
    0.001800,    0.000000,    0.001800,    0.000000,    0.000900,    0.000900,    0.001800
    0.001810,    0.000000,    0.001810,    0.000000,    0.000905,    0.000905,    0.001810
    0.001820,    0.000000,    0.001820,    0.000000,    0.000910,    0.000910,    0.001820
    0.001830,    0.000000,    0.001830,    0.000000,    0.000915,    0.000915,    0.001830
    0.001840,    0.000000,    0.001840,    0.000000,    0.000920,    0.000920,    0.001840
    0.001850,    0.000000,    0.001850,    0.000000,    0.000925,    0.000925,    0.001850
    0.001860,    0.000000,    0.001860,    0.000000,    0.000930,    0.000930,    0.001860
    0.001870,    0.000000,    0.001870,    0.000000,    0.000935,    0.000935,    0.001870
    0.001880,    0.000000,    0.001880,    0.000000,    0.000940,    0.000940,    0.001880
    0.001890,    0.000000,    0.001890,    0.000000,    0.000945,    0.000945,    0.001890
    0.001900,    0.000000,    0.001900,    0.000000,    0.000950,    0.000950,    0.001900
    0.001910,    0.000000,    0.001910,    0.000000,    0.000955,    0.000955,    0.001910
    0.001920,    0.000000,    0.001920,    0.000000,    0.000960,    0.000960,    0.001920
    0.001930,    0.000000,    0.001930,    0.000000,    0.000965,    0.000965,    0.001930
    0.001940,    0.000000,    0.001940,    0.000000,    0.000970,    0.000970,    0.001940
    0.001950,    0.000000,    0.001950,    0.000000,    0.000975,    0.000975,    0.001950
    0.001960,    0.000000,    0.001960,    0.000000,    0.000980,    0.000980,    0.001960
    0.001970,    0.000000,    0.001970,    0.000000,    0.000985,    0.000985,    0.001970
    0.001980,    0.000000,    0.001980,    0.000000,    0.000990,    0.000990,    0.001980
    0.001990,    0.000000,    0.001990,    0.000000,    0.000995,    0.000995,    0.001990
    0.002000,    0.000000,    0.002000,    0.000000,    0.001000,    0.001000,    0.002000
    0.002010,    0.000000,    0.002010,    0.000000,    0.001005,    0.001005,    0.002010
    0.002020,    0.000000,    0.002020,    0.000000,    0.001010,    0.001010,    0.002020
    0.002030,    0.000000,    0.002030,    0.000000,    0.001015,    0.001015,    0.002030
    0.002040,    0.000000,    0.002040,    0.000000,    0.001020,    0.001020,    0.002040
    0.002050,    0.000000,    0.002050,    0.000000,    0.001025,    0.001025,    0.002050
    0.002060,    0.000000,    0.002060,    0.000000,    0.001030,    0.001030,    0.002060
    0.002070,    0.000000,    0.002070,    0.000000,    0.001035,    0.001035,    0.002070
    0.002080,    0.000000,    0.002080,    0.000000,    0.001040,    0.001040,    0.002080
    0.002090,    0.000000,    0.002090,    0.000000,    0.001045,    0.001045,    0.002090
    0.002100,    0.000000,    0.002100,    0.000000,    0.001050,    0.001050,    0.002100
    0.002110,    0.000000,    0.002110,    0.000000,    0.001055,    0.001055,    0.002110
    0.002120,    0.000000,    0.002120,    0.000000,    0.001060,    0.001060,    0.002120
    0.002130,    0.000000,    0.002130,    0.000000,    0.001065,    0.001065,    0.002130
    0.002140,    0.000000,    0.002140,    0.000000,    0.001070,    0.001070,    0.002140
    0.002150,    0.000000,    0.002150,    0.000000,    0.001075,    0.001075,    0.002150
    0.002160,    0.000000,    0.002160,    0.000000,    0.001080,    0.001080,    0.002160
    0.002170,    0.000000,    0.002170,    0.000000,    0.001085,    0.001085,    0.002170
    0.002180,    0.000000,    0.002180,    0.000000,    0.001090,    0.001090,    0.002180
    0.002190,    0.000000,    0.002190,    0.000000,    0.001095,    0.001095,    0.002190
    0.002200,    0.000000,    0.002200,    0.000000,    0.001100,    0.001100,    0.002200
    0.002210,    0.000000,    0.002210,    0.000000,    0.001105,    0.001105,    0.002210
    0.002220,    0.000000,    0.002220,    0.000000,    0.001110,    0.001110,    0.002220
    0.002230,    0.000000,    0.002230,    0.000000,    0.001115,    0.001115,    0.002230
    0.002240,    0.000000,    0.002240,    0.000000,    0.001120,    0.001120,    0.002240
    0.002250,    0.000000,    0.002250,    0.000000,    0.001125,    0.001125,    0.002250
    0.002260,    0.000000,    0.002260,    0.000000,    0.001130,    0.001130,    0.002260
    0.002270,    0.000000,    0.002270,    0.000000,    0.001135,    0.001135,    0.002270
    0.002280,    0.000000,    0.002280,    0.000000,    0.001140,    0.001140,    0.002280
    0.002290,    0.000000,    0.002290,    0.000000,    0.001145,    0.001145,    0.002290
    0.002300,    0.000000,    0.002300,    0.000000,    0.001150,    0.001150,    0.002300
    0.002310,    0.000000,    0.002310,    0.000000,    0.001155,    0.001155,    0.002310
    0.002320,    0.000000,    0.002320,    0.000000,    0.001160,    0.001160,    0.002320
    0.002330,    0.000000,    0.002330,    0.000000,    0.001165,    0.001165,    0.002330
    0.002340,    0.000000,    0.002340,    0.000000,    0.001170,    0.001170,    0.002340
    0.002350,    0.000000,    0.002350,    0.000000,    0.001175,    0.001175,    0.002350
    0.002360,    0.000000,    0.002360,    0.000000,    0.001180,    0.001180,    0.002360
    0.002370,    0.000000,    0.002370,    0.000000,    0.001185,    0.001185,    0.002370
    0.002380,    0.000000,    0.002380,    0.000000,    0.001190,    0.001190,    0.002380
    0.002390,    0.000000,    0.002390,    0.000000,    0.001195,    0.001195,    0.002390
    0.002400,    0.000000,    0.002400,    0.000000,    0.001200,    0.001200,    0.002400
    0.002410,    0.000000,    0.002410,    0.000000,    0.001205,    0.001205,    0.002410
    0.002420,    0.000000,    0.002420,    0.000000,    0.001210,    0.001210,    0.002420
    0.002430,    0.000000,    0.002430,    0.000000,    0.001215,    0.001215,    0.002430
    0.002440,    0.000000,    0.002440,    0.000000,    0.001220,    0.001220,    0.002440
    0.002450,    0.000000,    0.002450,    0.000000,    0.001225,    0.001225,    0.002450
    0.002460,    0.000000,    0.002460,    0.000000,    0.001230,    0.001230,    0.002460
    0.002470,    0.000000,    0.002470,    0.000000,    0.001235,    0.001235,    0.002470
    0.002480,    0.000000,    0.002480,    0.000000,    0.001240,    0.001240,    0.002480
    0.002490,    0.000000,    0.002490,    0.000000,    0.001245,    0.001245,    0.002490
    0.002500,    0.000000,    0.002500,    0.000000,    0.001250,    0.001250,    0.002500
    0.002510,    0.000000,    0.002510,    0.000000,    0.001255,    0.001255,    0.002510
    0.002520,    0.000000,    0.002520,    0.000000,    0.001260,    0.001260,    0.002520
    0.002530,    0.000000,    0.002530,    0.000000,    0.001265,    0.001265,    0.002530
    0.002540,    0.000000,    0.002540,    0.000000,    0.001270,    0.001270,    0.002540
    0.002550,    0.000000,    0.002550,    0.000000,    0.001275,    0.001275,    0.002550
    0.002560,    0.000000,    0.002560,    0.000000,    0.001280,    0.001280,    0.002560
    0.002570,    0.000000,    0.002570,    0.000000,    0.001285,    0.001285,    0.002570
    0.002580,    0.000000,    0.002580,    0.000000,    0.001290,    0.001290,    0.002580
    0.002590,    0.000000,    0.002590,    0.000000,    0.001295,    0.001295,    0.002590
    0.002600,    0.000000,    0.002600,    0.000000,    0.001300,    0.001300,    0.002600
    0.002610,    0.000000,    0.002610,    0.000000,    0.001305,    0.001305,    0.002610
    0.002620,    0.000000,    0.002620,    0.000000,    0.001310,    0.001310,    0.002620
    0.002630,    0.000000,    0.002630,    0.000000,    0.001315,    0.001315,    0.002630
    0.002640,    0.000000,    0.002640,    0.000000,    0.001320,    0.001320,    0.002640
    0.002650,    0.000000,    0.002650,    0.000000,    0.001325,    0.001325,    0.002650
    0.002660,    0.000000,    0.002660,    0.000000,    0.001330,    0.001330,    0.002660
    0.002670,    0.000000,    0.002670,    0.000000,    0.001335,    0.001335,    0.002670
    0.002680,    0.000000,    0.002680,    0.000000,    0.001340,    0.001340,    0.002680
    0.002690,    0.000000,    0.002690,    0.000000,    0.001345,    0.001345,    0.002690
    0.002700,    0.000000,    0.002700,    0.000000,    0.001350,    0.001350,    0.002700
    0.002710,    0.000000,    0.002710,    0.000000,    0.001355,    0.001355,    0.002710
    0.002720,    0.000000,    0.002720,    0.000000,    0.001360,    0.001360,    0.002720
    0.002730,    0.000000,    0.002730,    0.000000,    0.001365,    0.001365,    0.002730
    0.002740,    0.000000,    0.002740,    0.000000,    0.001370,    0.001370,    0.002740
    0.002750,    0.000000,    0.002750,    0.000000,    0.001375,    0.001375,    0.002750
    0.002760,    0.000000,    0.002760,    0.000000,    0.001380,    0.001380,    0.002760
    0.002770,    0.000000,    0.002770,    0.000000,    0.001385,    0.001385,    0.002770
    0.002780,    0.000000,    0.002780,    0.000000,    0.001390,    0.001390,    0.002780
    0.002790,    0.000000,    0.002790,    0.000000,    0.001395,    0.001395,    0.002790
    0.002800,    0.000000,    0.002800,    0.000000,    0.001400,    0.001400,    0.002800
    0.002810,    0.000000,    0.002810,    0.000000,    0.001405,    0.001405,    0.002810
    0.002820,    0.000000,    0.002820,    0.000000,    0.001410,    0.001410,    0.002820
    0.002830,    0.000000,    0.002830,    0.000000,    0.001415,    0.001415,    0.002830
    0.002840,    0.000000,    0.002840,    0.000000,    0.001420,    0.001420,    0.002840
    0.002850,    0.000000,    0.002850,    0.000000,    0.001425,    0.001425,    0.002850
    0.002860,    0.000000,    0.002860,    0.000000,    0.001430,    0.001430,    0.002860
    0.002870,    0.000000,    0.002870,    0.000000,    0.001435,    0.001435,    0.002870
    0.002880,    0.000000,    0.002880,    0.000000,    0.001440,    0.001440,    0.002880
    0.002890,    0.000000,    0.002890,    0.000000,    0.001445,    0.001445,    0.002890
    0.002900,    0.000000,    0.002900,    0.000000,    0.001450,    0.001450,    0.002900
    0.002910,    0.000000,    0.002910,    0.000000,    0.001455,    0.001455,    0.002910
    0.002920,    0.000000,    0.002920,    0.000000,    0.001460,    0.001460,    0.002920
    0.002930,    0.000000,    0.002930,    0.000000,    0.001465,    0.001465,    0.002930
    0.002940,    0.000000,    0.002940,    0.000000,    0.001470,    0.001470,    0.002940
    0.002950,    0.000000,    0.002950,    0.000000,    0.001475,    0.001475,    0.002950
    0.002960,    0.000000,    0.002960,    0.000000,    0.001480,    0.001480,    0.002960
    0.002970,    0.000000,    0.002970,    0.000000,    0.001485,    0.001485,    0.002970
    0.002980,    0.000000,    0.002980,    0.000000,    0.001490,    0.001490,    0.002980
    0.002990,    0.000000,    0.002990,    0.000000,    0.001495,    0.001495,    0.002990
    0.003000,    0.000000,    0.003000,    0.000000,    0.001500,    0.001500,    0.003000
    0.003010,    0.000000,    0.003010,    0.000000,    0.001505,    0.001505,    0.003010
    0.003020,    0.000000,    0.003020,    0.000000,    0.001510,    0.001510,    0.003020
    0.003030,    0.000000,    0.003030,    0.000000,    0.001515,    0.001515,    0.003030
    0.003040,    0.000000,    0.003040,    0.000000,    0.001520,    0.001520,    0.003040
    0.003050,    0.000000,    0.003050,    0.000000,    0.001525,    0.001525,    0.003050
    0.003060,    0.000000,    0.003060,    0.000000,    0.001530,    0.001530,    0.003060
    0.003070,    0.000000,    0.003070,    0.000000,    0.001535,    0.001535,    0.003070
    0.003080,    0.000000,    0.003080,    0.000000,    0.001540,    0.001540,    0.003080
    0.003090,    0.000000,    0.003090,    0.000000,    0.001545,    0.001545,    0.003090
    0.003100,    0.000000,    0.003100,    0.000000,    0.001550,    0.001550,    0.003100
    0.003110,    0.000000,    0.003110,    0.000000,    0.001555,    0.001555,    0.003110
    0.003120,    0.000000,    0.003120,    0.000000,    0.001560,    0.001560,    0.003120
    0.003130,    0.000000,    0.003130,    0.000000,    0.001565,    0.001565,    0.003130
    0.003140,    0.000000,    0.003140,    0.000000,    0.001570,    0.001570,    0.003140
    0.003150,    0.000000,    0.003150,    0.000000,    0.001575,    0.001575,    0.003150
    0.003160,    0.000000,    0.003160,    0.000000,    0.001580,    0.001580,    0.003160
    0.003170,    0.000000,    0.003170,    0.000000,    0.001585,    0.001585,    0.003170
    0.003180,    0.000000,    0.003180,    0.000000,    0.001590,    0.001590,    0.003180
    0.003190,    0.000000,    0.003190,    0.000000,    0.001595,    0.001595,    0.003190
    0.003200,    0.000000,    0.003200,    0.000000,    0.001600,    0.001600,    0.003200
    0.003210,    0.000000,    0.003210,    0.000000,    0.001605,    0.001605,    0.003210
    0.003220,    0.000000,    0.003220,    0.000000,    0.001610,    0.001610,    0.003220
    0.003230,    0.000000,    0.003230,    0.000000,    0.001615,    0.001615,    0.003230
    0.003240,    0.000000,    0.003240,    0.000000,    0.001620,    0.001620,    0.003240
    0.003250,    0.000000,    0.003250,    0.000000,    0.001625,    0.001625,    0.003250
    0.003260,    0.000000,    0.003260,    0.000000,    0.001630,    0.001630,    0.003260
    0.003270,    0.000000,    0.003270,    0.000000,    0.001635,    0.001635,    0.003270
    0.003280,    0.000000,    0.003280,    0.000000,    0.001640,    0.001640,    0.003280
    0.003290,    0.000000,    0.003290,    0.000000,    0.001645,    0.001645,    0.003290
    0.003300,    0.000000,    0.003300,    0.000000,    0.001650,    0.001650,    0.003300
    0.003310,    0.000000,    0.003310,    0.000000,    0.001655,    0.001655,    0.003310
    0.003320,    0.000000,    0.003320,    0.000000,    0.001660,    0.001660,    0.003320
    0.003330,    0.000000,    0.003330,    0.000000,    0.001665,    0.001665,    0.003330
    0.003340,    0.000000,    0.003340,    0.000000,    0.001670,    0.001670,    0.003340
    0.003350,    0.000000,    0.003350,    0.000000,    0.001675,    0.001675,    0.003350
    0.003360,    0.000000,    0.003360,    0.000000,    0.001680,    0.001680,    0.003360
    0.003370,    0.000000,    0.003370,    0.000000,    0.001685,    0.001685,    0.003370
    0.003380,    0.000000,    0.003380,    0.000000,    0.001690,    0.001690,    0.003380
    0.003390,    0.000000,    0.003390,    0.000000,    0.001695,    0.001695,    0.003390
    0.003400,    0.000000,    0.003400,    0.000000,    0.001700,    0.001700,    0.003400
    0.003410,    0.000000,    0.003410,    0.000000,    0.001705,    0.001705,    0.003410
    0.003420,    0.000000,    0.003420,    0.000000,    0.001710,    0.001710,    0.003420
    0.003430,    0.000000,    0.003430,    0.000000,    0.001715,    0.001715,    0.003430
    0.003440,    0.000000,    0.003440,    0.000000,    0.001720,    0.001720,    0.003440
    0.003450,    0.000000,    0.003450,    0.000000,    0.001725,    0.001725,    0.003450
    0.003460,    0.000000,    0.003460,    0.000000,    0.001730,    0.001730,    0.003460
    0.003470,    0.000000,    0.003470,    0.000000,    0.001735,    0.001735,    0.003470
    0.003480,    0.000000,    0.003480,    0.000000,    0.001740,    0.001740,    0.003480
    0.003490,    0.000000,    0.003490,    0.000000,    0.001745,    0.001745,    0.003490
    0.003500,    0.000000,    0.003500,    0.000000,    0.001750,    0.001750,    0.003500
    0.003510,    0.000000,    0.003510,    0.000000,    0.001755,    0.001755,    0.003510
    0.003520,    0.000000,    0.003520,    0.000000,    0.001760,    0.001760,    0.003520
    0.003530,    0.000000,    0.003530,    0.000000,    0.001765,    0.001765,    0.003530
    0.003540,    0.000000,    0.003540,    0.000000,    0.001770,    0.001770,    0.003540
    0.003550,    0.000000,    0.003550,    0.000000,    0.001775,    0.001775,    0.003550
    0.003560,    0.000000,    0.003560,    0.000000,    0.001780,    0.001780,    0.003560
    0.003570,    0.000000,    0.003570,    0.000000,    0.001785,    0.001785,    0.003570
    0.003580,    0.000000,    0.003580,    0.000000,    0.001790,    0.001790,    0.003580
    0.003590,    0.000000,    0.003590,    0.000000,    0.001795,    0.001795,    0.003590
    0.003600,    0.000000,    0.003600,    0.000000,    0.001800,    0.001800,    0.003600
    0.003610,    0.000000,    0.003610,    0.000000,    0.001805,    0.001805,    0.003610
    0.003620,    0.000000,    0.003620,    0.000000,    0.001810,    0.001810,    0.003620
    0.003630,    0.000000,    0.003630,    0.000000,    0.001815,    0.001815,    0.003630
    0.003640,    0.000000,    0.003640,    0.000000,    0.001820,    0.001820,    0.003640
    0.003650,    0.000000,    0.003650,    0.000000,    0.001825,    0.001825,    0.003650
    0.003660,    0.000000,    0.003660,    0.000000,    0.001830,    0.001830,    0.003660
    0.003670,    0.000000,    0.003670,    0.000000,    0.001835,    0.001835,    0.003670
    0.003680,    0.000000,    0.003680,    0.000000,    0.001840,    0.001840,    0.003680
    0.003690,    0.000000,    0.003690,    0.000000,    0.001845,    0.001845,    0.003690
    0.003700,    0.000000,    0.003700,    0.000000,    0.001850,    0.001850,    0.003700
    0.003710,    0.000000,    0.003710,    0.000000,    0.001855,    0.001855,    0.003710
    0.003720,    0.000000,    0.003720,    0.000000,    0.001860,    0.001860,    0.003720
    0.003730,    0.000000,    0.003730,    0.000000,    0.001865,    0.001865,    0.003730
    0.003740,    0.000000,    0.003740,    0.000000,    0.001870,    0.001870,    0.003740
    0.003750,    0.000000,    0.003750,    0.000000,    0.001875,    0.001875,    0.003750
    0.003760,    0.000000,    0.003760,    0.000000,    0.001880,    0.001880,    0.003760
    0.003770,    0.000000,    0.003770,    0.000000,    0.001885,    0.001885,    0.003770
    0.003780,    0.000000,    0.003780,    0.000000,    0.001890,    0.001890,    0.003780
    0.003790,    0.000000,    0.003790,    0.000000,    0.001895,    0.001895,    0.003790
    0.003800,    0.000000,    0.003800,    0.000000,    0.001900,    0.001900,    0.003800
    0.003810,    0.000000,    0.003810,    0.000000,    0.001905,    0.001905,    0.003810
    0.003820,    0.000000,    0.003820,    0.000000,    0.001910,    0.001910,    0.003820
    0.003830,    0.000000,    0.003830,    0.000000,    0.001915,    0.001915,    0.003830
    0.003840,    0.000000,    0.003840,    0.000000,    0.001920,    0.001920,    0.003840
    0.003850,    0.000000,    0.003850,    0.000000,    0.001925,    0.001925,    0.003850
    0.003860,    0.000000,    0.003860,    0.000000,    0.001930,    0.001930,    0.003860
    0.003870,    0.000000,    0.003870,    0.000000,    0.001935,    0.001935,    0.003870
    0.003880,    0.000000,    0.003880,    0.000000,    0.001940,    0.001940,    0.003880
    0.003890,    0.000000,    0.003890,    0.000000,    0.001945,    0.001945,    0.003890
    0.003900,    0.000000,    0.003900,    0.000000,    0.001950,    0.001950,    0.003900
    0.003910,    0.000000,    0.003910,    0.000000,    0.001955,    0.001955,    0.003910
    0.003920,    0.000000,    0.003920,    0.000000,    0.001960,    0.001960,    0.003920
    0.003930,    0.000000,    0.003930,    0.000000,    0.001965,    0.001965,    0.003930
    0.003940,    0.000000,    0.003940,    0.000000,    0.001970,    0.001970,    0.003940
    0.003950,    0.000000,    0.003950,    0.000000,    0.001975,    0.001975,    0.003950
    0.003960,    0.000000,    0.003960,    0.000000,    0.001980,    0.001980,    0.003960
    0.003970,    0.000000,    0.003970,    0.000000,    0.001985,    0.001985,    0.003970
    0.003980,    0.000000,    0.003980,    0.000000,    0.001990,    0.001990,    0.003980
    0.003990,    0.000000,    0.003990,    0.000000,    0.001995,    0.001995,    0.003990
    0.004000,    0.000000,    0.004000,    0.000000,    0.002000,    0.002000,    0.004000
    0.004010,    0.000000,    0.004010,    0.000000,    0.002005,    0.002005,    0.004010
    0.004020,    0.000000,    0.004020,    0.000000,    0.002010,    0.002010,    0.004020
    0.004030,    0.000000,    0.004030,    0.000000,    0.002015,    0.002015,    0.004030
    0.004040,    0.000000,    0.004040,    0.000000,    0.002020,    0.002020,    0.004040
    0.004050,    0.000000,    0.004050,    0.000000,    0.002025,    0.002025,    0.004050
    0.004060,    0.000000,    0.004060,    0.000000,    0.002030,    0.002030,    0.004060
    0.004070,    0.000000,    0.004070,    0.000000,    0.002035,    0.002035,    0.004070
    0.004080,    0.000000,    0.004080,    0.000000,    0.002040,    0.002040,    0.004080
    0.004090,    0.000000,    0.004090,    0.000000,    0.002045,    0.002045,    0.004090
    0.004100,    0.000000,    0.004100,    0.000000,    0.002050,    0.002050,    0.004100
    0.004110,    0.000000,    0.004110,    0.000000,    0.002055,    0.002055,    0.004110
    0.004120,    0.000000,    0.004120,    0.000000,    0.002060,    0.002060,    0.004120
    0.004130,    0.000000,    0.004130,    0.000000,    0.002065,    0.002065,    0.004130
    0.004140,    0.000000,    0.004140,    0.000000,    0.002070,    0.002070,    0.004140
    0.004150,    0.000000,    0.004150,    0.000000,    0.002075,    0.002075,    0.004150
    0.004160,    0.000000,    0.004160,    0.000000,    0.002080,    0.002080,    0.004160
    0.004170,    0.000000,    0.004170,    0.000000,    0.002085,    0.002085,    0.004170
    0.004180,    0.000000,    0.004180,    0.000000,    0.002090,    0.002090,    0.004180
    0.004190,    0.000000,    0.004190,    0.000000,    0.002095,    0.002095,    0.004190
    0.004200,    0.000000,    0.004200,    0.000000,    0.002100,    0.002100,    0.004200
    0.004210,    0.000000,    0.004210,    0.000000,    0.002105,    0.002105,    0.004210
    0.004220,    0.000000,    0.004220,    0.000000,    0.002110,    0.002110,    0.004220
    0.004230,    0.000000,    0.004230,    0.000000,    0.002115,    0.002115,    0.004230
    0.004240,    0.000000,    0.004240,    0.000000,    0.002120,    0.002120,    0.004240
    0.004250,    0.000000,    0.004250,    0.000000,    0.002125,    0.002125,    0.004250
    0.004260,    0.000000,    0.004260,    0.000000,    0.002130,    0.002130,    0.004260
    0.004270,    0.000000,    0.004270,    0.000000,    0.002135,    0.002135,    0.004270
    0.004280,    0.000000,    0.004280,    0.000000,    0.002140,    0.002140,    0.004280
    0.004290,    0.000000,    0.004290,    0.000000,    0.002145,    0.002145,    0.004290
    0.004300,    0.000000,    0.004300,    0.000000,    0.002150,    0.002150,    0.004300
    0.004310,    0.000000,    0.004310,    0.000000,    0.002155,    0.002155,    0.004310
    0.004320,    0.000000,    0.004320,    0.000000,    0.002160,    0.002160,    0.004320
    0.004330,    0.000000,    0.004330,    0.000000,    0.002165,    0.002165,    0.004330
    0.004340,    0.000000,    0.004340,    0.000000,    0.002170,    0.002170,    0.004340
    0.004350,    0.000000,    0.004350,    0.000000,    0.002175,    0.002175,    0.004350
    0.004360,    0.000000,    0.004360,    0.000000,    0.002180,    0.002180,    0.004360
    0.004370,    0.000000,    0.004370,    0.000000,    0.002185,    0.002185,    0.004370
    0.004380,    0.000000,    0.004380,    0.000000,    0.002190,    0.002190,    0.004380
    0.004390,    0.000000,    0.004390,    0.000000,    0.002195,    0.002195,    0.004390
    0.004400,    0.000000,    0.004400,    0.000000,    0.002200,    0.002200,    0.004400
    0.004410,    0.000000,    0.004410,    0.000000,    0.002205,    0.002205,    0.004410
    0.004420,    0.000000,    0.004420,    0.000000,    0.002210,    0.002210,    0.004420
    0.004430,    0.000000,    0.004430,    0.000000,    0.002215,    0.002215,    0.004430
    0.004440,    0.000000,    0.004440,    0.000000,    0.002220,    0.002220,    0.004440
    0.004450,    0.000000,    0.004450,    0.000000,    0.002225,    0.002225,    0.004450
    0.004460,    0.000000,    0.004460,    0.000000,    0.002230,    0.002230,    0.004460
    0.004470,    0.000000,    0.004470,    0.000000,    0.002235,    0.002235,    0.004470
    0.004480,    0.000000,    0.004480,    0.000000,    0.002240,    0.002240,    0.004480
    0.004490,    0.000000,    0.004490,    0.000000,    0.002245,    0.002245,    0.004490
    0.004500,    0.000000,    0.004500,    0.000000,    0.002250,    0.002250,    0.004500
    0.004510,    0.000000,    0.004510,    0.000000,    0.002255,    0.002255,    0.004510
    0.004520,    0.000000,    0.004520,    0.000000,    0.002260,    0.002260,    0.004520
    0.004530,    0.000000,    0.004530,    0.000000,    0.002265,    0.002265,    0.004530
    0.004540,    0.000000,    0.004540,    0.000000,    0.002270,    0.002270,    0.004540
    0.004550,    0.000000,    0.004550,    0.000000,    0.002275,    0.002275,    0.004550
    0.004560,    0.000000,    0.004560,    0.000000,    0.002280,    0.002280,    0.004560
    0.004570,    0.000000,    0.004570,    0.000000,    0.002285,    0.002285,    0.004570
    0.004580,    0.000000,    0.004580,    0.000000,    0.002290,    0.002290,    0.004580
    0.004590,    0.000000,    0.004590,    0.000000,    0.002295,    0.002295,    0.004590
    0.004600,    0.000000,    0.004600,    0.000000,    0.002300,    0.002300,    0.004600
    0.004610,    0.000000,    0.004610,    0.000000,    0.002305,    0.002305,    0.004610
    0.004620,    0.000000,    0.004620,    0.000000,    0.002310,    0.002310,    0.004620
    0.004630,    0.000000,    0.004630,    0.000000,    0.002315,    0.002315,    0.004630
    0.004640,    0.000000,    0.004640,    0.000000,    0.002320,    0.002320,    0.004640
    0.004650,    0.000000,    0.004650,    0.000000,    0.002325,    0.002325,    0.004650
    0.004660,    0.000000,    0.004660,    0.000000,    0.002330,    0.002330,    0.004660
    0.004670,    0.000000,    0.004670,    0.000000,    0.002335,    0.002335,    0.004670
    0.004680,    0.000000,    0.004680,    0.000000,    0.002340,    0.002340,    0.004680
    0.004690,    0.000000,    0.004690,    0.000000,    0.002345,    0.002345,    0.004690
    0.004700,    0.000000,    0.004700,    0.000000,    0.002350,    0.002350,    0.004700
    0.004710,    0.000000,    0.004710,    0.000000,    0.002355,    0.002355,    0.004710
    0.004720,    0.000000,    0.004720,    0.000000,    0.002360,    0.002360,    0.004720
    0.004730,    0.000000,    0.004730,    0.000000,    0.002365,    0.002365,    0.004730
    0.004740,    0.000000,    0.004740,    0.000000,    0.002370,    0.002370,    0.004740
    0.004750,    0.000000,    0.004750,    0.000000,    0.002375,    0.002375,    0.004750
    0.004760,    0.000000,    0.004760,    0.000000,    0.002380,    0.002380,    0.004760
    0.004770,    0.000000,    0.004770,    0.000000,    0.002385,    0.002385,    0.004770
    0.004780,    0.000000,    0.004780,    0.000000,    0.002390,    0.002390,    0.004780
    0.004790,    0.000000,    0.004790,    0.000000,    0.002395,    0.002395,    0.004790
    0.004800,    0.000000,    0.004800,    0.000000,    0.002400,    0.002400,    0.004800
    0.004810,    0.000000,    0.004810,    0.000000,    0.002405,    0.002405,    0.004810
    0.004820,    0.000000,    0.004820,    0.000000,    0.002410,    0.002410,    0.004820
    0.004830,    0.000000,    0.004830,    0.000000,    0.002415,    0.002415,    0.004830
    0.004840,    0.000000,    0.004840,    0.000000,    0.002420,    0.002420,    0.004840
    0.004850,    0.000000,    0.004850,    0.000000,    0.002425,    0.002425,    0.004850
    0.004860,    0.000000,    0.004860,    0.000000,    0.002430,    0.002430,    0.004860
    0.004870,    0.000000,    0.004870,    0.000000,    0.002435,    0.002435,    0.004870
    0.004880,    0.000000,    0.004880,    0.000000,    0.002440,    0.002440,    0.004880
    0.004890,    0.000000,    0.004890,    0.000000,    0.002445,    0.002445,    0.004890
    0.004900,    0.000000,    0.004900,    0.000000,    0.002450,    0.002450,    0.004900
    0.004910,    0.000000,    0.004910,    0.000000,    0.002455,    0.002455,    0.004910
    0.004920,    0.000000,    0.004920,    0.000000,    0.002460,    0.002460,    0.004920
    0.004930,    0.000000,    0.004930,    0.000000,    0.002465,    0.002465,    0.004930
    0.004940,    0.000000,    0.004940,    0.000000,    0.002470,    0.002470,    0.004940
    0.004950,    0.000000,    0.004950,    0.000000,    0.002475,    0.002475,    0.004950
    0.004960,    0.000000,    0.004960,    0.000000,    0.002480,    0.002480,    0.004960
    0.004970,    0.000000,    0.004970,    0.000000,    0.002485,    0.002485,    0.004970
    0.004980,    0.000000,    0.004980,    0.000000,    0.002490,    0.002490,    0.004980
    0.004990,    0.000000,    0.004990,    0.000000,    0.002495,    0.002495,    0.004990
    0.005000,    0.000000,    0.005000,    0.000000,    0.002500,    0.002500,    0.005000
    0.005010,    0.000000,    0.005010,    0.000000,    0.002505,    0.002505,    0.005010
    0.005020,    0.000000,    0.005020,    0.000000,    0.002510,    0.002510,    0.005020
    0.005030,    0.000000,    0.005030,    0.000000,    0.002515,    0.002515,    0.005030
    0.005040,    0.000000,    0.005040,    0.000000,    0.002520,    0.002520,    0.005040
    0.005050,    0.000000,    0.005050,    0.000000,    0.002525,    0.002525,    0.005050
    0.005060,    0.000000,    0.005060,    0.000000,    0.002530,    0.002530,    0.005060
    0.005070,    0.000000,    0.005070,    0.000000,    0.002535,    0.002535,    0.005070
    0.005080,    0.000000,    0.005080,    0.000000,    0.002540,    0.002540,    0.005080
    0.005090,    0.000000,    0.005090,    0.000000,    0.002545,    0.002545,    0.005090
    0.005100,    0.000000,    0.005100,    0.000000,    0.002550,    0.002550,    0.005100
    0.005110,    0.000000,    0.005110,    0.000000,    0.002555,    0.002555,    0.005110
    0.005120,    0.000000,    0.005120,    0.000000,    0.002560,    0.002560,    0.005120
    0.005130,    0.000000,    0.005130,    0.000000,    0.002565,    0.002565,    0.005130
    0.005140,    0.000000,    0.005140,    0.000000,    0.002570,    0.002570,    0.005140
    0.005150,    0.000000,    0.005150,    0.000000,    0.002575,    0.002575,    0.005150
    0.005160,    0.000000,    0.005160,    0.000000,    0.002580,    0.002580,    0.005160
    0.005170,    0.000000,    0.005170,    0.000000,    0.002585,    0.002585,    0.005170
    0.005180,    0.000000,    0.005180,    0.000000,    0.002590,    0.002590,    0.005180
    0.005190,    0.000000,    0.005190,    0.000000,    0.002595,    0.002595,    0.005190
    0.005200,    0.000000,    0.005200,    0.000000,    0.002600,    0.002600,    0.005200
    0.005210,    0.000000,    0.005210,    0.000000,    0.002605,    0.002605,    0.005210
    0.005220,    0.000000,    0.005220,    0.000000,    0.002610,    0.002610,    0.005220
    0.005230,    0.000000,    0.005230,    0.000000,    0.002615,    0.002615,    0.005230
    0.005240,    0.000000,    0.005240,    0.000000,    0.002620,    0.002620,    0.005240
    0.005250,    0.000000,    0.005250,    0.000000,    0.002625,    0.002625,    0.005250
    0.005260,    0.000000,    0.005260,    0.000000,    0.002630,    0.002630,    0.005260
    0.005270,    0.000000,    0.005270,    0.000000,    0.002635,    0.002635,    0.005270
    0.005280,    0.000000,    0.005280,    0.000000,    0.002640,    0.002640,    0.005280
    0.005290,    0.000000,    0.005290,    0.000000,    0.002645,    0.002645,    0.005290
    0.005300,    0.000000,    0.005300,    0.000000,    0.002650,    0.002650,    0.005300
    0.005310,    0.000000,    0.005310,    0.000000,    0.002655,    0.002655,    0.005310
    0.005320,    0.000000,    0.005320,    0.000000,    0.002660,    0.002660,    0.005320
    0.005330,    0.000000,    0.005330,    0.000000,    0.002665,    0.002665,    0.005330
    0.005340,    0.000000,    0.005340,    0.000000,    0.002670,    0.002670,    0.005340
    0.005350,    0.000000,    0.005350,    0.000000,    0.002675,    0.002675,    0.005350
    0.005360,    0.000000,    0.005360,    0.000000,    0.002680,    0.002680,    0.005360
    0.005370,    0.000000,    0.005370,    0.000000,    0.002685,    0.002685,    0.005370
    0.005380,    0.000000,    0.005380,    0.000000,    0.002690,    0.002690,    0.005380
    0.005390,    0.000000,    0.005390,    0.000000,    0.002695,    0.002695,    0.005390
    0.005400,    0.000000,    0.005400,    0.000000,    0.002700,    0.002700,    0.005400
    0.005410,    0.000000,    0.005410,    0.000000,    0.002705,    0.002705,    0.005410
    0.005420,    0.000000,    0.005420,    0.000000,    0.002710,    0.002710,    0.005420
    0.005430,    0.000000,    0.005430,    0.000000,    0.002715,    0.002715,    0.005430
    0.005440,    0.000000,    0.005440,    0.000000,    0.002720,    0.002720,    0.005440
    0.005450,    0.000000,    0.005450,    0.000000,    0.002725,    0.002725,    0.005450
    0.005460,    0.000000,    0.005460,    0.000000,    0.002730,    0.002730,    0.005460
    0.005470,    0.000000,    0.005470,    0.000000,    0.002735,    0.002735,    0.005470
    0.005480,    0.000000,    0.005480,    0.000000,    0.002740,    0.002740,    0.005480
    0.005490,    0.000000,    0.005490,    0.000000,    0.002745,    0.002745,    0.005490
    0.005500,    0.000000,    0.005500,    0.000000,    0.002750,    0.002750,    0.005500
    0.005510,    0.000000,    0.005510,    0.000000,    0.002755,    0.002755,    0.005510
    0.005520,    0.000000,    0.005520,    0.000000,    0.002760,    0.002760,    0.005520
    0.005530,    0.000000,    0.005530,    0.000000,    0.002765,    0.002765,    0.005530
    0.005540,    0.000000,    0.005540,    0.000000,    0.002770,    0.002770,    0.005540
    0.005550,    0.000000,    0.005550,    0.000000,    0.002775,    0.002775,    0.005550
    0.005560,    0.000000,    0.005560,    0.000000,    0.002780,    0.002780,    0.005560
    0.005570,    0.000000,    0.005570,    0.000000,    0.002785,    0.002785,    0.005570
    0.005580,    0.000000,    0.005580,    0.000000,    0.002790,    0.002790,    0.005580
    0.005590,    0.000000,    0.005590,    0.000000,    0.002795,    0.002795,    0.005590
    0.005600,    0.000000,    0.005600,    0.000000,    0.002800,    0.002800,    0.005600
    0.005610,    0.000000,    0.005610,    0.000000,    0.002805,    0.002805,    0.005610
    0.005620,    0.000000,    0.005620,    0.000000,    0.002810,    0.002810,    0.005620
    0.005630,    0.000000,    0.005630,    0.000000,    0.002815,    0.002815,    0.005630
    0.005640,    0.000000,    0.005640,    0.000000,    0.002820,    0.002820,    0.005640
    0.005650,    0.000000,    0.005650,    0.000000,    0.002825,    0.002825,    0.005650
    0.005660,    0.000000,    0.005660,    0.000000,    0.002830,    0.002830,    0.005660
    0.005670,    0.000000,    0.005670,    0.000000,    0.002835,    0.002835,    0.005670
    0.005680,    0.000000,    0.005680,    0.000000,    0.002840,    0.002840,    0.005680
    0.005690,    0.000000,    0.005690,    0.000000,    0.002845,    0.002845,    0.005690
    0.005700,    0.000000,    0.005700,    0.000000,    0.002850,    0.002850,    0.005700
    0.005710,    0.000000,    0.005710,    0.000000,    0.002855,    0.002855,    0.005710
    0.005720,    0.000000,    0.005720,    0.000000,    0.002860,    0.002860,    0.005720
    0.005730,    0.000000,    0.005730,    0.000000,    0.002865,    0.002865,    0.005730
    0.005740,    0.000000,    0.005740,    0.000000,    0.002870,    0.002870,    0.005740
    0.005750,    0.000000,    0.005750,    0.000000,    0.002875,    0.002875,    0.005750
    0.005760,    0.000000,    0.005760,    0.000000,    0.002880,    0.002880,    0.005760
    0.005770,    0.000000,    0.005770,    0.000000,    0.002885,    0.002885,    0.005770
    0.005780,    0.000000,    0.005780,    0.000000,    0.002890,    0.002890,    0.005780
    0.005790,    0.000000,    0.005790,    0.000000,    0.002895,    0.002895,    0.005790
    0.005800,    0.000000,    0.005800,    0.000000,    0.002900,    0.002900,    0.005800
    0.005810,    0.000000,    0.005810,    0.000000,    0.002905,    0.002905,    0.005810
    0.005820,    0.000000,    0.005820,    0.000000,    0.002910,    0.002910,    0.005820
    0.005830,    0.000000,    0.005830,    0.000000,    0.002915,    0.002915,    0.005830
    0.005840,    0.000000,    0.005840,    0.000000,    0.002920,    0.002920,    0.005840
    0.005850,    0.000000,    0.005850,    0.000000,    0.002925,    0.002925,    0.005850
    0.005860,    0.000000,    0.005860,    0.000000,    0.002930,    0.002930,    0.005860
    0.005870,    0.000000,    0.005870,    0.000000,    0.002935,    0.002935,    0.005870
    0.005880,    0.000000,    0.005880,    0.000000,    0.002940,    0.002940,    0.005880
    0.005890,    0.000000,    0.005890,    0.000000,    0.002945,    0.002945,    0.005890
    0.005900,    0.000000,    0.005900,    0.000000,    0.002950,    0.002950,    0.005900
    0.005910,    0.000000,    0.005910,    0.000000,    0.002955,    0.002955,    0.005910
    0.005920,    0.000000,    0.005920,    0.000000,    0.002960,    0.002960,    0.005920
    0.005930,    0.000000,    0.005930,    0.000000,    0.002965,    0.002965,    0.005930
    0.005940,    0.000000,    0.005940,    0.000000,    0.002970,    0.002970,    0.005940
    0.005950,    0.000000,    0.005950,    0.000000,    0.002975,    0.002975,    0.005950
    0.005960,    0.000000,    0.005960,    0.000000,    0.002980,    0.002980,    0.005960
    0.005970,    0.000000,    0.005970,    0.000000,    0.002985,    0.002985,    0.005970
    0.005980,    0.000000,    0.005980,    0.000000,    0.002990,    0.002990,    0.005980
    0.005990,    0.000000,    0.005990,    0.000000,    0.002995,    0.002995,    0.005990
    0.006000,    0.000000,    0.006000,    0.000000,    0.003000,    0.003000,    0.006000
    0.006010,    0.000000,    0.006010,    0.000000,    0.003005,    0.003005,    0.006010
    0.006020,    0.000000,    0.006020,    0.000000,    0.003010,    0.003010,    0.006020
    0.006030,    0.000000,    0.006030,    0.000000,    0.003015,    0.003015,    0.006030
    0.006040,    0.000000,    0.006040,    0.000000,    0.003020,    0.003020,    0.006040
    0.006050,    0.000000,    0.006050,    0.000000,    0.003025,    0.003025,    0.006050
    0.006060,    0.000000,    0.006060,    0.000000,    0.003030,    0.003030,    0.006060
    0.006070,    0.000000,    0.006070,    0.000000,    0.003035,    0.003035,    0.006070
    0.006080,    0.000000,    0.006080,    0.000000,    0.003040,    0.003040,    0.006080
    0.006090,    0.000000,    0.006090,    0.000000,    0.003045,    0.003045,    0.006090
    0.006100,    0.000000,    0.006100,    0.000000,    0.003050,    0.003050,    0.006100
    0.006110,    0.000000,    0.006110,    0.000000,    0.003055,    0.003055,    0.006110
    0.006120,    0.000000,    0.006120,    0.000000,    0.003060,    0.003060,    0.006120
    0.006130,    0.000000,    0.006130,    0.000000,    0.003065,    0.003065,    0.006130
    0.006140,    0.000000,    0.006140,    0.000000,    0.003070,    0.003070,    0.006140
    0.006150,    0.000000,    0.006150,    0.000000,    0.003075,    0.003075,    0.006150
    0.006160,    0.000000,    0.006160,    0.000000,    0.003080,    0.003080,    0.006160
    0.006170,    0.000000,    0.006170,    0.000000,    0.003085,    0.003085,    0.006170
    0.006180,    0.000000,    0.006180,    0.000000,    0.003090,    0.003090,    0.006180
    0.006190,    0.000000,    0.006190,    0.000000,    0.003095,    0.003095,    0.006190
    0.006200,    0.000000,    0.006200,    0.000000,    0.003100,    0.003100,    0.006200
    0.006210,    0.000000,    0.006210,    0.000000,    0.003105,    0.003105,    0.006210
    0.006220,    0.000000,    0.006220,    0.000000,    0.003110,    0.003110,    0.006220
    0.006230,    0.000000,    0.006230,    0.000000,    0.003115,    0.003115,    0.006230
    0.006240,    0.000000,    0.006240,    0.000000,    0.003120,    0.003120,    0.006240
    0.006250,    0.000000,    0.006250,    0.000000,    0.003125,    0.003125,    0.006250
    0.006260,    0.000000,    0.006260,    0.000000,    0.003130,    0.003130,    0.006260
    0.006270,    0.000000,    0.006270,    0.000000,    0.003135,    0.003135,    0.006270
    0.006280,    0.000000,    0.006280,    0.000000,    0.003140,    0.003140,    0.006280
    0.006290,    0.000000,    0.006290,    0.000000,    0.003145,    0.003145,    0.006290
    0.006300,    0.000000,    0.006300,    0.000000,    0.003150,    0.003150,    0.006300
    0.006310,    0.000000,    0.006310,    0.000000,    0.003155,    0.003155,    0.006310
    0.006320,    0.000000,    0.006320,    0.000000,    0.003160,    0.003160,    0.006320
    0.006330,    0.000000,    0.006330,    0.000000,    0.003165,    0.003165,    0.006330
    0.006340,    0.000000,    0.006340,    0.000000,    0.003170,    0.003170,    0.006340
    0.006350,    0.000000,    0.006350,    0.000000,    0.003175,    0.003175,    0.006350
    0.006360,    0.000000,    0.006360,    0.000000,    0.003180,    0.003180,    0.006360
    0.006370,    0.000000,    0.006370,    0.000000,    0.003185,    0.003185,    0.006370
    0.006380,    0.000000,    0.006380,    0.000000,    0.003190,    0.003190,    0.006380
    0.006390,    0.000000,    0.006390,    0.000000,    0.003195,    0.003195,    0.006390
    0.006400,    0.000000,    0.006400,    0.000000,    0.003200,    0.003200,    0.006400
    0.006410,    0.000000,    0.006410,    0.000000,    0.003205,    0.003205,    0.006410
    0.006420,    0.000000,    0.006420,    0.000000,    0.003210,    0.003210,    0.006420
    0.006430,    0.000000,    0.006430,    0.000000,    0.003215,    0.003215,    0.006430
    0.006440,    0.000000,    0.006440,    0.000000,    0.003220,    0.003220,    0.006440
    0.006450,    0.000000,    0.006450,    0.000000,    0.003225,    0.003225,    0.006450
    0.006460,    0.000000,    0.006460,    0.000000,    0.003230,    0.003230,    0.006460
    0.006470,    0.000000,    0.006470,    0.000000,    0.003235,    0.003235,    0.006470
    0.006480,    0.000000,    0.006480,    0.000000,    0.003240,    0.003240,    0.006480
    0.006490,    0.000000,    0.006490,    0.000000,    0.003245,    0.003245,    0.006490
    0.006500,    0.000000,    0.006500,    0.000000,    0.003250,    0.003250,    0.006500
    0.006510,    0.000000,    0.006510,    0.000000,    0.003255,    0.003255,    0.006510
    0.006520,    0.000000,    0.006520,    0.000000,    0.003260,    0.003260,    0.006520
    0.006530,    0.000000,    0.006530,    0.000000,    0.003265,    0.003265,    0.006530
    0.006540,    0.000000,    0.006540,    0.000000,    0.003270,    0.003270,    0.006540
    0.006550,    0.000000,    0.006550,    0.000000,    0.003275,    0.003275,    0.006550
    0.006560,    0.000000,    0.006560,    0.000000,    0.003280,    0.003280,    0.006560
    0.006570,    0.000000,    0.006570,    0.000000,    0.003285,    0.003285,    0.006570
    0.006580,    0.000000,    0.006580,    0.000000,    0.003290,    0.003290,    0.006580
    0.006590,    0.000000,    0.006590,    0.000000,    0.003295,    0.003295,    0.006590
    0.006600,    0.000000,    0.006600,    0.000000,    0.003300,    0.003300,    0.006600
    0.006610,    0.000000,    0.006610,    0.000000,    0.003305,    0.003305,    0.006610
    0.006620,    0.000000,    0.006620,    0.000000,    0.003310,    0.003310,    0.006620
    0.006630,    0.000000,    0.006630,    0.000000,    0.003315,    0.003315,    0.006630
    0.006640,    0.000000,    0.006640,    0.000000,    0.003320,    0.003320,    0.006640
    0.006650,    0.000000,    0.006650,    0.000000,    0.003325,    0.003325,    0.006650
    0.006660,    0.000000,    0.006660,    0.000000,    0.003330,    0.003330,    0.006660
    0.006670,    0.000000,    0.006670,    0.000000,    0.003335,    0.003335,    0.006670
    0.006680,    0.000000,    0.006680,    0.000000,    0.003340,    0.003340,    0.006680
    0.006690,    0.000000,    0.006690,    0.000000,    0.003345,    0.003345,    0.006690
    0.006700,    0.000000,    0.006700,    0.000000,    0.003350,    0.003350,    0.006700
    0.006710,    0.000000,    0.006710,    0.000000,    0.003355,    0.003355,    0.006710
    0.006720,    0.000000,    0.006720,    0.000000,    0.003360,    0.003360,    0.006720
    0.006730,    0.000000,    0.006730,    0.000000,    0.003365,    0.003365,    0.006730
    0.006740,    0.000000,    0.006740,    0.000000,    0.003370,    0.003370,    0.006740
    0.006750,    0.000000,    0.006750,    0.000000,    0.003375,    0.003375,    0.006750
    0.006760,    0.000000,    0.006760,    0.000000,    0.003380,    0.003380,    0.006760
    0.006770,    0.000000,    0.006770,    0.000000,    0.003385,    0.003385,    0.006770
    0.006780,    0.000000,    0.006780,    0.000000,    0.003390,    0.003390,    0.006780
    0.006790,    0.000000,    0.006790,    0.000000,    0.003395,    0.003395,    0.006790
    0.006800,    0.000000,    0.006800,    0.000000,    0.003400,    0.003400,    0.006800
    0.006810,    0.000000,    0.006810,    0.000000,    0.003405,    0.003405,    0.006810
    0.006820,    0.000000,    0.006820,    0.000000,    0.003410,    0.003410,    0.006820
    0.006830,    0.000000,    0.006830,    0.000000,    0.003415,    0.003415,    0.006830
    0.006840,    0.000000,    0.006840,    0.000000,    0.003420,    0.003420,    0.006840
    0.006850,    0.000000,    0.006850,    0.000000,    0.003425,    0.003425,    0.006850
    0.006860,    0.000000,    0.006860,    0.000000,    0.003430,    0.003430,    0.006860
    0.006870,    0.000000,    0.006870,    0.000000,    0.003435,    0.003435,    0.006870
    0.006880,    0.000000,    0.006880,    0.000000,    0.003440,    0.003440,    0.006880
    0.006890,    0.000000,    0.006890,    0.000000,    0.003445,    0.003445,    0.006890
    0.006900,    0.000000,    0.006900,    0.000000,    0.003450,    0.003450,    0.006900
    0.006910,    0.000000,    0.006910,    0.000000,    0.003455,    0.003455,    0.006910
    0.006920,    0.000000,    0.006920,    0.000000,    0.003460,    0.003460,    0.006920
    0.006930,    0.000000,    0.006930,    0.000000,    0.003465,    0.003465,    0.006930
    0.006940,    0.000000,    0.006940,    0.000000,    0.003470,    0.003470,    0.006940
    0.006950,    0.000000,    0.006950,    0.000000,    0.003475,    0.003475,    0.006950
    0.006960,    0.000000,    0.006960,    0.000000,    0.003480,    0.003480,    0.006960
    0.006970,    0.000000,    0.006970,    0.000000,    0.003485,    0.003485,    0.006970
    0.006980,    0.000000,    0.006980,    0.000000,    0.003490,    0.003490,    0.006980
    0.006990,    0.000000,    0.006990,    0.000000,    0.003495,    0.003495,    0.006990
    0.007000,    0.000000,    0.007000,    0.000000,    0.003500,    0.003500,    0.007000
    0.007010,    0.000000,    0.007010,    0.000000,    0.003505,    0.003505,    0.007010
    0.007020,    0.000000,    0.007020,    0.000000,    0.003510,    0.003510,    0.007020
    0.007030,    0.000000,    0.007030,    0.000000,    0.003515,    0.003515,    0.007030
    0.007040,    0.000000,    0.007040,    0.000000,    0.003520,    0.003520,    0.007040
    0.007050,    0.000000,    0.007050,    0.000000,    0.003525,    0.003525,    0.007050
    0.007060,    0.000000,    0.007060,    0.000000,    0.003530,    0.003530,    0.007060
    0.007070,    0.000000,    0.007070,    0.000000,    0.003535,    0.003535,    0.007070
    0.007080,    0.000000,    0.007080,    0.000000,    0.003540,    0.003540,    0.007080
    0.007090,    0.000000,    0.007090,    0.000000,    0.003545,    0.003545,    0.007090
    0.007100,    0.000000,    0.007100,    0.000000,    0.003550,    0.003550,    0.007100
    0.007110,    0.000000,    0.007110,    0.000000,    0.003555,    0.003555,    0.007110
    0.007120,    0.000000,    0.007120,    0.000000,    0.003560,    0.003560,    0.007120
    0.007130,    0.000000,    0.007130,    0.000000,    0.003565,    0.003565,    0.007130
    0.007140,    0.000000,    0.007140,    0.000000,    0.003570,    0.003570,    0.007140
    0.007150,    0.000000,    0.007150,    0.000000,    0.003575,    0.003575,    0.007150
    0.007160,    0.000000,    0.007160,    0.000000,    0.003580,    0.003580,    0.007160
    0.007170,    0.000000,    0.007170,    0.000000,    0.003585,    0.003585,    0.007170
    0.007180,    0.000000,    0.007180,    0.000000,    0.003590,    0.003590,    0.007180
    0.007190,    0.000000,    0.007190,    0.000000,    0.003595,    0.003595,    0.007190
    0.007200,    0.000000,    0.007200,    0.000000,    0.003600,    0.003600,    0.007200
    0.007210,    0.000000,    0.007210,    0.000000,    0.003605,    0.003605,    0.007210
    0.007220,    0.000000,    0.007220,    0.000000,    0.003610,    0.003610,    0.007220
    0.007230,    0.000000,    0.007230,    0.000000,    0.003615,    0.003615,    0.007230
    0.007240,    0.000000,    0.007240,    0.000000,    0.003620,    0.003620,    0.007240
    0.007250,    0.000000,    0.007250,    0.000000,    0.003625,    0.003625,    0.007250
    0.007260,    0.000000,    0.007260,    0.000000,    0.003630,    0.003630,    0.007260
    0.007270,    0.000000,    0.007270,    0.000000,    0.003635,    0.003635,    0.007270
    0.007280,    0.000000,    0.007280,    0.000000,    0.003640,    0.003640,    0.007280
    0.007290,    0.000000,    0.007290,    0.000000,    0.003645,    0.003645,    0.007290
    0.007300,    0.000000,    0.007300,    0.000000,    0.003650,    0.003650,    0.007300
    0.007310,    0.000000,    0.007310,    0.000000,    0.003655,    0.003655,    0.007310
    0.007320,    0.000000,    0.007320,    0.000000,    0.003660,    0.003660,    0.007320
    0.007330,    0.000000,    0.007330,    0.000000,    0.003665,    0.003665,    0.007330
    0.007340,    0.000000,    0.007340,    0.000000,    0.003670,    0.003670,    0.007340
    0.007350,    0.000000,    0.007350,    0.000000,    0.003675,    0.003675,    0.007350
    0.007360,    0.000000,    0.007360,    0.000000,    0.003680,    0.003680,    0.007360
    0.007370,    0.000000,    0.007370,    0.000000,    0.003685,    0.003685,    0.007370
    0.007380,    0.000000,    0.007380,    0.000000,    0.003690,    0.003690,    0.007380
    0.007390,    0.000000,    0.007390,    0.000000,    0.003695,    0.003695,    0.007390
    0.007400,    0.000000,    0.007400,    0.000000,    0.003700,    0.003700,    0.007400
    0.007410,    0.000000,    0.007410,    0.000000,    0.003705,    0.003705,    0.007410
    0.007420,    0.000000,    0.007420,    0.000000,    0.003710,    0.003710,    0.007420
    0.007430,    0.000000,    0.007430,    0.000000,    0.003715,    0.003715,    0.007430
    0.007440,    0.000000,    0.007440,    0.000000,    0.003720,    0.003720,    0.007440
    0.007450,    0.000000,    0.007450,    0.000000,    0.003725,    0.003725,    0.007450
    0.007460,    0.000000,    0.007460,    0.000000,    0.003730,    0.003730,    0.007460
    0.007470,    0.000000,    0.007470,    0.000000,    0.003735,    0.003735,    0.007470
    0.007480,    0.000000,    0.007480,    0.000000,    0.003740,    0.003740,    0.007480
    0.007490,    0.000000,    0.007490,    0.000000,    0.003745,    0.003745,    0.007490
    0.007500,    0.000000,    0.007500,    0.000000,    0.003750,    0.003750,    0.007500
    0.007510,    0.000000,    0.007510,    0.000000,    0.003755,    0.003755,    0.007510
    0.007520,    0.000000,    0.007520,    0.000000,    0.003760,    0.003760,    0.007520
    0.007530,    0.000000,    0.007530,    0.000000,    0.003765,    0.003765,    0.007530
    0.007540,    0.000000,    0.007540,    0.000000,    0.003770,    0.003770,    0.007540
    0.007550,    0.000000,    0.007550,    0.000000,    0.003775,    0.003775,    0.007550
    0.007560,    0.000000,    0.007560,    0.000000,    0.003780,    0.003780,    0.007560
    0.007570,    0.000000,    0.007570,    0.000000,    0.003785,    0.003785,    0.007570
    0.007580,    0.000000,    0.007580,    0.000000,    0.003790,    0.003790,    0.007580
    0.007590,    0.000000,    0.007590,    0.000000,    0.003795,    0.003795,    0.007590
    0.007600,    0.000000,    0.007600,    0.000000,    0.003800,    0.003800,    0.007600
    0.007610,    0.000000,    0.007610,    0.000000,    0.003805,    0.003805,    0.007610
    0.007620,    0.000000,    0.007620,    0.000000,    0.003810,    0.003810,    0.007620
    0.007630,    0.000000,    0.007630,    0.000000,    0.003815,    0.003815,    0.007630
    0.007640,    0.000000,    0.007640,    0.000000,    0.003820,    0.003820,    0.007640
    0.007650,    0.000000,    0.007650,    0.000000,    0.003825,    0.003825,    0.007650
    0.007660,    0.000000,    0.007660,    0.000000,    0.003830,    0.003830,    0.007660
    0.007670,    0.000000,    0.007670,    0.000000,    0.003835,    0.003835,    0.007670
    0.007680,    0.000000,    0.007680,    0.000000,    0.003840,    0.003840,    0.007680
    0.007690,    0.000000,    0.007690,    0.000000,    0.003845,    0.003845,    0.007690
    0.007700,    0.000000,    0.007700,    0.000000,    0.003850,    0.003850,    0.007700
    0.007710,    0.000000,    0.007710,    0.000000,    0.003855,    0.003855,    0.007710
    0.007720,    0.000000,    0.007720,    0.000000,    0.003860,    0.003860,    0.007720
    0.007730,    0.000000,    0.007730,    0.000000,    0.003865,    0.003865,    0.007730
    0.007740,    0.000000,    0.007740,    0.000000,    0.003870,    0.003870,    0.007740
    0.007750,    0.000000,    0.007750,    0.000000,    0.003875,    0.003875,    0.007750
    0.007760,    0.000000,    0.007760,    0.000000,    0.003880,    0.003880,    0.007760
    0.007770,    0.000000,    0.007770,    0.000000,    0.003885,    0.003885,    0.007770
    0.007780,    0.000000,    0.007780,    0.000000,    0.003890,    0.003890,    0.007780
    0.007790,    0.000000,    0.007790,    0.000000,    0.003895,    0.003895,    0.007790
    0.007800,    0.000000,    0.007800,    0.000000,    0.003900,    0.003900,    0.007800
    0.007810,    0.000000,    0.007810,    0.000000,    0.003905,    0.003905,    0.007810
    0.007820,    0.000000,    0.007820,    0.000000,    0.003910,    0.003910,    0.007820
    0.007830,    0.000000,    0.007830,    0.000000,    0.003915,    0.003915,    0.007830
    0.007840,    0.000000,    0.007840,    0.000000,    0.003920,    0.003920,    0.007840
    0.007850,    0.000000,    0.007850,    0.000000,    0.003925,    0.003925,    0.007850
    0.007860,    0.000000,    0.007860,    0.000000,    0.003930,    0.003930,    0.007860
    0.007870,    0.000000,    0.007870,    0.000000,    0.003935,    0.003935,    0.007870
    0.007880,    0.000000,    0.007880,    0.000000,    0.003940,    0.003940,    0.007880
    0.007890,    0.000000,    0.007890,    0.000000,    0.003945,    0.003945,    0.007890
    0.007900,    0.000000,    0.007900,    0.000000,    0.003950,    0.003950,    0.007900
    0.007910,    0.000000,    0.007910,    0.000000,    0.003955,    0.003955,    0.007910
    0.007920,    0.000000,    0.007920,    0.000000,    0.003960,    0.003960,    0.007920
    0.007930,    0.000000,    0.007930,    0.000000,    0.003965,    0.003965,    0.007930
    0.007940,    0.000000,    0.007940,    0.000000,    0.003970,    0.003970,    0.007940
    0.007950,    0.000000,    0.007950,    0.000000,    0.003975,    0.003975,    0.007950
    0.007960,    0.000000,    0.007960,    0.000000,    0.003980,    0.003980,    0.007960
    0.007970,    0.000000,    0.007970,    0.000000,    0.003985,    0.003985,    0.007970
    0.007980,    0.000000,    0.007980,    0.000000,    0.003990,    0.003990,    0.007980
    0.007990,    0.000000,    0.007990,    0.000000,    0.003995,    0.003995,    0.007990
    0.008000,    0.000000,    0.008000,    0.000000,    0.004000,    0.004000,    0.008000
    0.008010,    0.000000,    0.008010,    0.000000,    0.004005,    0.004005,    0.008010
    0.008020,    0.000000,    0.008020,    0.000000,    0.004010,    0.004010,    0.008020
    0.008030,    0.000000,    0.008030,    0.000000,    0.004015,    0.004015,    0.008030
    0.008040,    0.000000,    0.008040,    0.000000,    0.004020,    0.004020,    0.008040
    0.008050,    0.000000,    0.008050,    0.000000,    0.004025,    0.004025,    0.008050
    0.008060,    0.000000,    0.008060,    0.000000,    0.004030,    0.004030,    0.008060
    0.008070,    0.000000,    0.008070,    0.000000,    0.004035,    0.004035,    0.008070
    0.008080,    0.000000,    0.008080,    0.000000,    0.004040,    0.004040,    0.008080
    0.008090,    0.000000,    0.008090,    0.000000,    0.004045,    0.004045,    0.008090
    0.008100,    0.000000,    0.008100,    0.000000,    0.004050,    0.004050,    0.008100
    0.008110,    0.000000,    0.008110,    0.000000,    0.004055,    0.004055,    0.008110
    0.008120,    0.000000,    0.008120,    0.000000,    0.004060,    0.004060,    0.008120
    0.008130,    0.000000,    0.008130,    0.000000,    0.004065,    0.004065,    0.008130
    0.008140,    0.000000,    0.008140,    0.000000,    0.004070,    0.004070,    0.008140
    0.008150,    0.000000,    0.008150,    0.000000,    0.004075,    0.004075,    0.008150
    0.008160,    0.000000,    0.008160,    0.000000,    0.004080,    0.004080,    0.008160
    0.008170,    0.000000,    0.008170,    0.000000,    0.004085,    0.004085,    0.008170
    0.008180,    0.000000,    0.008180,    0.000000,    0.004090,    0.004090,    0.008180
    0.008190,    0.000000,    0.008190,    0.000000,    0.004095,    0.004095,    0.008190
    0.008200,    0.000000,    0.008200,    0.000000,    0.004100,    0.004100,    0.008200
    0.008210,    0.000000,    0.008210,    0.000000,    0.004105,    0.004105,    0.008210
    0.008220,    0.000000,    0.008220,    0.000000,    0.004110,    0.004110,    0.008220
    0.008230,    0.000000,    0.008230,    0.000000,    0.004115,    0.004115,    0.008230
    0.008240,    0.000000,    0.008240,    0.000000,    0.004120,    0.004120,    0.008240
    0.008250,    0.000000,    0.008250,    0.000000,    0.004125,    0.004125,    0.008250
    0.008260,    0.000000,    0.008260,    0.000000,    0.004130,    0.004130,    0.008260
    0.008270,    0.000000,    0.008270,    0.000000,    0.004135,    0.004135,    0.008270
    0.008280,    0.000000,    0.008280,    0.000000,    0.004140,    0.004140,    0.008280
    0.008290,    0.000000,    0.008290,    0.000000,    0.004145,    0.004145,    0.008290
    0.008300,    0.000000,    0.008300,    0.000000,    0.004150,    0.004150,    0.008300
    0.008310,    0.000000,    0.008310,    0.000000,    0.004155,    0.004155,    0.008310
    0.008320,    0.000000,    0.008320,    0.000000,    0.004160,    0.004160,    0.008320
    0.008330,    0.000000,    0.008330,    0.000000,    0.004165,    0.004165,    0.008330
    0.008340,    0.000000,    0.008340,    0.000000,    0.004170,    0.004170,    0.008340
    0.008350,    0.000000,    0.008350,    0.000000,    0.004175,    0.004175,    0.008350
    0.008360,    0.000000,    0.008360,    0.000000,    0.004180,    0.004180,    0.008360
    0.008370,    0.000000,    0.008370,    0.000000,    0.004185,    0.004185,    0.008370
    0.008380,    0.000000,    0.008380,    0.000000,    0.004190,    0.004190,    0.008380
    0.008390,    0.000000,    0.008390,    0.000000,    0.004195,    0.004195,    0.008390
    0.008400,    0.000000,    0.008400,    0.000000,    0.004200,    0.004200,    0.008400
    0.008410,    0.000000,    0.008410,    0.000000,    0.004205,    0.004205,    0.008410
    0.008420,    0.000000,    0.008420,    0.000000,    0.004210,    0.004210,    0.008420
    0.008430,    0.000000,    0.008430,    0.000000,    0.004215,    0.004215,    0.008430
    0.008440,    0.000000,    0.008440,    0.000000,    0.004220,    0.004220,    0.008440
    0.008450,    0.000000,    0.008450,    0.000000,    0.004225,    0.004225,    0.008450
    0.008460,    0.000000,    0.008460,    0.000000,    0.004230,    0.004230,    0.008460
    0.008470,    0.000000,    0.008470,    0.000000,    0.004235,    0.004235,    0.008470
    0.008480,    0.000000,    0.008480,    0.000000,    0.004240,    0.004240,    0.008480
    0.008490,    0.000000,    0.008490,    0.000000,    0.004245,    0.004245,    0.008490
    0.008500,    0.000000,    0.008500,    0.000000,    0.004250,    0.004250,    0.008500
    0.008510,    0.000000,    0.008510,    0.000000,    0.004255,    0.004255,    0.008510
    0.008520,    0.000000,    0.008520,    0.000000,    0.004260,    0.004260,    0.008520
    0.008530,    0.000000,    0.008530,    0.000000,    0.004265,    0.004265,    0.008530
    0.008540,    0.000000,    0.008540,    0.000000,    0.004270,    0.004270,    0.008540
    0.008550,    0.000000,    0.008550,    0.000000,    0.004275,    0.004275,    0.008550
    0.008560,    0.000000,    0.008560,    0.000000,    0.004280,    0.004280,    0.008560
    0.008570,    0.000000,    0.008570,    0.000000,    0.004285,    0.004285,    0.008570
    0.008580,    0.000000,    0.008580,    0.000000,    0.004290,    0.004290,    0.008580
    0.008590,    0.000000,    0.008590,    0.000000,    0.004295,    0.004295,    0.008590
    0.008600,    0.000000,    0.008600,    0.000000,    0.004300,    0.004300,    0.008600
    0.008610,    0.000000,    0.008610,    0.000000,    0.004305,    0.004305,    0.008610
    0.008620,    0.000000,    0.008620,    0.000000,    0.004310,    0.004310,    0.008620
    0.008630,    0.000000,    0.008630,    0.000000,    0.004315,    0.004315,    0.008630
    0.008640,    0.000000,    0.008640,    0.000000,    0.004320,    0.004320,    0.008640
    0.008650,    0.000000,    0.008650,    0.000000,    0.004325,    0.004325,    0.008650
    0.008660,    0.000000,    0.008660,    0.000000,    0.004330,    0.004330,    0.008660
    0.008670,    0.000000,    0.008670,    0.000000,    0.004335,    0.004335,    0.008670
    0.008680,    0.000000,    0.008680,    0.000000,    0.004340,    0.004340,    0.008680
    0.008690,    0.000000,    0.008690,    0.000000,    0.004345,    0.004345,    0.008690
    0.008700,    0.000000,    0.008700,    0.000000,    0.004350,    0.004350,    0.008700
    0.008710,    0.000000,    0.008710,    0.000000,    0.004355,    0.004355,    0.008710
    0.008720,    0.000000,    0.008720,    0.000000,    0.004360,    0.004360,    0.008720
    0.008730,    0.000000,    0.008730,    0.000000,    0.004365,    0.004365,    0.008730
    0.008740,    0.000000,    0.008740,    0.000000,    0.004370,    0.004370,    0.008740
    0.008750,    0.000000,    0.008750,    0.000000,    0.004375,    0.004375,    0.008750
    0.008760,    0.000000,    0.008760,    0.000000,    0.004380,    0.004380,    0.008760
    0.008770,    0.000000,    0.008770,    0.000000,    0.004385,    0.004385,    0.008770
    0.008780,    0.000000,    0.008780,    0.000000,    0.004390,    0.004390,    0.008780
    0.008790,    0.000000,    0.008790,    0.000000,    0.004395,    0.004395,    0.008790
    0.008800,    0.000000,    0.008800,    0.000000,    0.004400,    0.004400,    0.008800
    0.008810,    0.000000,    0.008810,    0.000000,    0.004405,    0.004405,    0.008810
    0.008820,    0.000000,    0.008820,    0.000000,    0.004410,    0.004410,    0.008820
    0.008830,    0.000000,    0.008830,    0.000000,    0.004415,    0.004415,    0.008830
    0.008840,    0.000000,    0.008840,    0.000000,    0.004420,    0.004420,    0.008840
    0.008850,    0.000000,    0.008850,    0.000000,    0.004425,    0.004425,    0.008850
    0.008860,    0.000000,    0.008860,    0.000000,    0.004430,    0.004430,    0.008860
    0.008870,    0.000000,    0.008870,    0.000000,    0.004435,    0.004435,    0.008870
    0.008880,    0.000000,    0.008880,    0.000000,    0.004440,    0.004440,    0.008880
    0.008890,    0.000000,    0.008890,    0.000000,    0.004445,    0.004445,    0.008890
    0.008900,    0.000000,    0.008900,    0.000000,    0.004450,    0.004450,    0.008900
    0.008910,    0.000000,    0.008910,    0.000000,    0.004455,    0.004455,    0.008910
    0.008920,    0.000000,    0.008920,    0.000000,    0.004460,    0.004460,    0.008920
    0.008930,    0.000000,    0.008930,    0.000000,    0.004465,    0.004465,    0.008930
    0.008940,    0.000000,    0.008940,    0.000000,    0.004470,    0.004470,    0.008940
    0.008950,    0.000000,    0.008950,    0.000000,    0.004475,    0.004475,    0.008950
    0.008960,    0.000000,    0.008960,    0.000000,    0.004480,    0.004480,    0.008960
    0.008970,    0.000000,    0.008970,    0.000000,    0.004485,    0.004485,    0.008970
    0.008980,    0.000000,    0.008980,    0.000000,    0.004490,    0.004490,    0.008980
    0.008990,    0.000000,    0.008990,    0.000000,    0.004495,    0.004495,    0.008990
    0.009000,    0.000000,    0.009000,    0.000000,    0.004500,    0.004500,    0.009000
    0.009010,    0.000000,    0.009010,    0.000000,    0.004505,    0.004505,    0.009010
    0.009020,    0.000000,    0.009020,    0.000000,    0.004510,    0.004510,    0.009020
    0.009030,    0.000000,    0.009030,    0.000000,    0.004515,    0.004515,    0.009030
    0.009040,    0.000000,    0.009040,    0.000000,    0.004520,    0.004520,    0.009040
    0.009050,    0.000000,    0.009050,    0.000000,    0.004525,    0.004525,    0.009050
    0.009060,    0.000000,    0.009060,    0.000000,    0.004530,    0.004530,    0.009060
    0.009070,    0.000000,    0.009070,    0.000000,    0.004535,    0.004535,    0.009070
    0.009080,    0.000000,    0.009080,    0.000000,    0.004540,    0.004540,    0.009080
    0.009090,    0.000000,    0.009090,    0.000000,    0.004545,    0.004545,    0.009090
    0.009100,    0.000000,    0.009100,    0.000000,    0.004550,    0.004550,    0.009100
    0.009110,    0.000000,    0.009110,    0.000000,    0.004555,    0.004555,    0.009110
    0.009120,    0.000000,    0.009120,    0.000000,    0.004560,    0.004560,    0.009120
    0.009130,    0.000000,    0.009130,    0.000000,    0.004565,    0.004565,    0.009130
    0.009140,    0.000000,    0.009140,    0.000000,    0.004570,    0.004570,    0.009140
    0.009150,    0.000000,    0.009150,    0.000000,    0.004575,    0.004575,    0.009150
    0.009160,    0.000000,    0.009160,    0.000000,    0.004580,    0.004580,    0.009160
    0.009170,    0.000000,    0.009170,    0.000000,    0.004585,    0.004585,    0.009170
    0.009180,    0.000000,    0.009180,    0.000000,    0.004590,    0.004590,    0.009180
    0.009190,    0.000000,    0.009190,    0.000000,    0.004595,    0.004595,    0.009190
    0.009200,    0.000000,    0.009200,    0.000000,    0.004600,    0.004600,    0.009200
    0.009210,    0.000000,    0.009210,    0.000000,    0.004605,    0.004605,    0.009210
    0.009220,    0.000000,    0.009220,    0.000000,    0.004610,    0.004610,    0.009220
    0.009230,    0.000000,    0.009230,    0.000000,    0.004615,    0.004615,    0.009230
    0.009240,    0.000000,    0.009240,    0.000000,    0.004620,    0.004620,    0.009240
    0.009250,    0.000000,    0.009250,    0.000000,    0.004625,    0.004625,    0.009250
    0.009260,    0.000000,    0.009260,    0.000000,    0.004630,    0.004630,    0.009260
    0.009270,    0.000000,    0.009270,    0.000000,    0.004635,    0.004635,    0.009270
    0.009280,    0.000000,    0.009280,    0.000000,    0.004640,    0.004640,    0.009280
    0.009290,    0.000000,    0.009290,    0.000000,    0.004645,    0.004645,    0.009290
    0.009300,    0.000000,    0.009300,    0.000000,    0.004650,    0.004650,    0.009300
    0.009310,    0.000000,    0.009310,    0.000000,    0.004655,    0.004655,    0.009310
    0.009320,    0.000000,    0.009320,    0.000000,    0.004660,    0.004660,    0.009320
    0.009330,    0.000000,    0.009330,    0.000000,    0.004665,    0.004665,    0.009330
    0.009340,    0.000000,    0.009340,    0.000000,    0.004670,    0.004670,    0.009340
    0.009350,    0.000000,    0.009350,    0.000000,    0.004675,    0.004675,    0.009350
    0.009360,    0.000000,    0.009360,    0.000000,    0.004680,    0.004680,    0.009360
    0.009370,    0.000000,    0.009370,    0.000000,    0.004685,    0.004685,    0.009370
    0.009380,    0.000000,    0.009380,    0.000000,    0.004690,    0.004690,    0.009380
    0.009390,    0.000000,    0.009390,    0.000000,    0.004695,    0.004695,    0.009390
    0.009400,    0.000000,    0.009400,    0.000000,    0.004700,    0.004700,    0.009400
    0.009410,    0.000000,    0.009410,    0.000000,    0.004705,    0.004705,    0.009410
    0.009420,    0.000000,    0.009420,    0.000000,    0.004710,    0.004710,    0.009420
    0.009430,    0.000000,    0.009430,    0.000000,    0.004715,    0.004715,    0.009430
    0.009440,    0.000000,    0.009440,    0.000000,    0.004720,    0.004720,    0.009440
    0.009450,    0.000000,    0.009450,    0.000000,    0.004725,    0.004725,    0.009450
    0.009460,    0.000000,    0.009460,    0.000000,    0.004730,    0.004730,    0.009460
    0.009470,    0.000000,    0.009470,    0.000000,    0.004735,    0.004735,    0.009470
    0.009480,    0.000000,    0.009480,    0.000000,    0.004740,    0.004740,    0.009480
    0.009490,    0.000000,    0.009490,    0.000000,    0.004745,    0.004745,    0.009490
    0.009500,    0.000000,    0.009500,    0.000000,    0.004750,    0.004750,    0.009500
    0.009510,    0.000000,    0.009510,    0.000000,    0.004755,    0.004755,    0.009510
    0.009520,    0.000000,    0.009520,    0.000000,    0.004760,    0.004760,    0.009520
    0.009530,    0.000000,    0.009530,    0.000000,    0.004765,    0.004765,    0.009530
    0.009540,    0.000000,    0.009540,    0.000000,    0.004770,    0.004770,    0.009540
    0.009550,    0.000000,    0.009550,    0.000000,    0.004775,    0.004775,    0.009550
    0.009560,    0.000000,    0.009560,    0.000000,    0.004780,    0.004780,    0.009560
    0.009570,    0.000000,    0.009570,    0.000000,    0.004785,    0.004785,    0.009570
    0.009580,    0.000000,    0.009580,    0.000000,    0.004790,    0.004790,    0.009580
    0.009590,    0.000000,    0.009590,    0.000000,    0.004795,    0.004795,    0.009590
    0.009600,    0.000000,    0.009600,    0.000000,    0.004800,    0.004800,    0.009600
    0.009610,    0.000000,    0.009610,    0.000000,    0.004805,    0.004805,    0.009610
    0.009620,    0.000000,    0.009620,    0.000000,    0.004810,    0.004810,    0.009620
    0.009630,    0.000000,    0.009630,    0.000000,    0.004815,    0.004815,    0.009630
    0.009640,    0.000000,    0.009640,    0.000000,    0.004820,    0.004820,    0.009640
    0.009650,    0.000000,    0.009650,    0.000000,    0.004825,    0.004825,    0.009650
    0.009660,    0.000000,    0.009660,    0.000000,    0.004830,    0.004830,    0.009660
    0.009670,    0.000000,    0.009670,    0.000000,    0.004835,    0.004835,    0.009670
    0.009680,    0.000000,    0.009680,    0.000000,    0.004840,    0.004840,    0.009680
    0.009690,    0.000000,    0.009690,    0.000000,    0.004845,    0.004845,    0.009690
    0.009700,    0.000000,    0.009700,    0.000000,    0.004850,    0.004850,    0.009700
    0.009710,    0.000000,    0.009710,    0.000000,    0.004855,    0.004855,    0.009710
    0.009720,    0.000000,    0.009720,    0.000000,    0.004860,    0.004860,    0.009720
    0.009730,    0.000000,    0.009730,    0.000000,    0.004865,    0.004865,    0.009730
    0.009740,    0.000000,    0.009740,    0.000000,    0.004870,    0.004870,    0.009740
    0.009750,    0.000000,    0.009750,    0.000000,    0.004875,    0.004875,    0.009750
    0.009760,    0.000000,    0.009760,    0.000000,    0.004880,    0.004880,    0.009760
    0.009770,    0.000000,    0.009770,    0.000000,    0.004885,    0.004885,    0.009770
    0.009780,    0.000000,    0.009780,    0.000000,    0.004890,    0.004890,    0.009780
    0.009790,    0.000000,    0.009790,    0.000000,    0.004895,    0.004895,    0.009790
    0.009800,    0.000000,    0.009800,    0.000000,    0.004900,    0.004900,    0.009800
    0.009810,    0.000000,    0.009810,    0.000000,    0.004905,    0.004905,    0.009810
    0.009820,    0.000000,    0.009820,    0.000000,    0.004910,    0.004910,    0.009820
    0.009830,    0.000000,    0.009830,    0.000000,    0.004915,    0.004915,    0.009830
    0.009840,    0.000000,    0.009840,    0.000000,    0.004920,    0.004920,    0.009840
    0.009850,    0.000000,    0.009850,    0.000000,    0.004925,    0.004925,    0.009850
    0.009860,    0.000000,    0.009860,    0.000000,    0.004930,    0.004930,    0.009860
    0.009870,    0.000000,    0.009870,    0.000000,    0.004935,    0.004935,    0.009870
    0.009880,    0.000000,    0.009880,    0.000000,    0.004940,    0.004940,    0.009880
    0.009890,    0.000000,    0.009890,    0.000000,    0.004945,    0.004945,    0.009890
    0.009900,    0.000000,    0.009900,    0.000000,    0.004950,    0.004950,    0.009900
    0.009910,    0.000000,    0.009910,    0.000000,    0.004955,    0.004955,    0.009910
    0.009920,    0.000000,    0.009920,    0.000000,    0.004960,    0.004960,    0.009920
    0.009930,    0.000000,    0.009930,    0.000000,    0.004965,    0.004965,    0.009930
    0.009940,    0.000000,    0.009940,    0.000000,    0.004970,    0.004970,    0.009940
    0.009950,    0.000000,    0.009950,    0.000000,    0.004975,    0.004975,    0.009950
    0.009960,    0.000000,    0.009960,    0.000000,    0.004980,    0.004980,    0.009960
    0.009970,    0.000000,    0.009970,    0.000000,    0.004985,    0.004985,    0.009970
    0.009980,    0.000000,    0.009980,    0.000000,    0.004990,    0.004990,    0.009980
    0.009990,    0.000000,    0.009990,    0.000000,    0.004995,    0.004995,    0.009990
    0.010000,    0.000000,    0.010000,    0.000000,    0.005000,    0.005000,    0.010000
